personal_info,company_info,lead_score,email_draft
"{'name': 'Elon Musk', 'job_title': 'Founder & CEO', 'role_relevance': 10, 'professional_background': 'Elon Musk is a businessman known predominantly for his leading roles in the automotive company Tesla, Inc. and the space company SpaceX.'}","{'revenue': 15.5, 'industry': 'Aviation and Aerospace Component Manufacturing', 'company_name': 'SpaceX', 'company_size': 13000, 'market_presence': 9}","{'score': 98, 'scoring_criteria': ['Role Relevance', 'Company Size', 'Market Presence', 'Cultural Fit'], 'validation_notes': 'The lead score is calculated based on the predefined criteria. The company size and market presence are considered large and strong, respectively. The cultural fit is also strong, with a score of 8 out of 10.'}","You're likely no stranger to innovation and automation as the Founder & CEO of SpaceX. CrewAI's Multi-Agent Orchestration Platform can be a game-changer for your automation goals, streamlining operations in aviation and aerospace component manufacturing. 
Discover how our platform can support SpaceX's growth by scheduling a meeting now: [Calendly/Meeting Link]
Or explore our platform's capabilities immediately: [Platform Demo Link]
Take the first step towards optimizing your operations and unlocking new efficiencies. Schedule a meeting or start your demo today and see the impact for yourself. 
[CTA Button: Schedule Meeting]
[CTA Button: Start Demo]"
"{'name': 'Jeff Bezos', 'job_title': 'Founder & Executive Chairman', 'role_relevance': 10, 'professional_background': 'Jeff Bezos founded Amazon in 1994 and has been instrumental in its growth and innovation, including the development of Amazon Web Services (AWS).'}","{'revenue': 513.0, 'industry': 'E-commerce, Technology, Retail', 'company_name': 'Amazon', 'company_size': 1500000, 'market_presence': 10}","{'score': 95, 'scoring_criteria': ['Role Relevance', 'Company Size', 'Market Presence', 'Cultural Fit'], 'validation_notes': ""The cultural values of Amazon align with CrewAI's product and pitch. However, potential differences in company culture and values should be considered to ensure a successful partnership. CrewAI should be prepared to adapt to Amazon's fast-paced and competitive environment, while Amazon should be open to CrewAI's innovative approach to AI orchestration.""}","Jeff Bezos, Founder & Executive Chairman at Amazon, 
With your background in driving innovation and growth at Amazon, including the development of Amazon Web Services (AWS), 
you understand the importance of leveraging technology to stay ahead. 
CrewAI's Multi-Agent Orchestration Platform can help Amazon further automate and streamline operations across various verticals, 
enhancing efficiency and innovation. 
Discover how CrewAI can help Amazon maintain its leadership in e-commerce, technology, and retail by orchestrating AI Agents for automations to any vertical.
Schedule a meeting to explore this further: [Insert Calendly link or meeting scheduler]
Or, reply to this email to discuss how our platform can support Amazon's goals and learn more about the benefits of CrewAI's Multi-Agent Orchestration Platform. 
Take the first step towards transforming your operations with CrewAI - schedule a meeting today and see the impact for yourself."
"{'name': 'Sundar Pichai', 'job_title': 'Chief Executive Officer', 'role_relevance': 10, 'professional_background': 'Sundar Pichai is an Indian-American business executive with a background in materials engineering and an MBA from the University of Pennsylvania. He joined Google in 2004 and has led various product development efforts, including Google Chrome, Chrome OS, and Google Drive.'}","{'revenue': 350.0, 'industry': 'Technology', 'company_name': 'Alphabet Inc.', 'company_size': 183323, 'market_presence': 10}","{'score': 92, 'scoring_criteria': ['Role Relevance', 'Company Size', 'Market Presence', 'Cultural Fit'], 'validation_notes': 'The lead score is based on the predefined criteria, including Role Relevance, Company Size, Market Presence, and Cultural Fit. The score is calculated as follows: Role Relevance (10/10), Company Size (9/10), Market Presence (10/10), and Cultural Fit (8/10). The total score is 92/100.'}","CrewAI's Multi-Agent Orchestration Platform can help Alphabet Inc. streamline automation across various verticals, leveraging AI Agents to drive efficiency and innovation. 
With your background in leading product development efforts for Google Chrome, Chrome OS, and Google Drive, you understand the importance of seamless automation. 
Our platform can help you achieve this, and we'd love to discuss how CrewAI can support Alphabet Inc.'s continued growth and success. 
You've already taken the first step by reaching out - now let's schedule a meeting to explore how our solution can address your specific pain points in automation and AI adoption. 
Click this link to schedule a meeting at your convenience: [insert Calendly link]. 
Alternatively, reply to this email to discuss further or book a call with our team. 
Take the first step towards transforming your automation capabilities and discover how CrewAI can drive value for Alphabet Inc. - schedule your meeting today or reply to this email to get started. 
Learn more about our platform and its benefits: [insert link to CrewAI website or relevant resource]."
"{'name': 'Ted Sarandos', 'job_title': 'Co-CEO', 'role_relevance': 9, 'professional_background': ""Ted Sarandos started his career working at a video rental store, managed multiple locations, and eventually became the Western Regional Director of Sales and Operations for a video distributor. He then joined Netflix in 2000 and has been responsible for all content operations, leading the company's transition into original content. He was named co-CEO of Netflix in July 2020.""}","{'revenue': 39.0, 'industry': 'Entertainment', 'company_name': 'Netflix', 'company_size': 14000, 'market_presence': 9}","{'score': 85, 'scoring_criteria': ['Role Relevance', 'Company Size', 'Market Presence', 'Cultural Fit'], 'validation_notes': 'The lead score is based on the predefined criteria, with a high score indicating a strong fit between the lead and the company. The cultural fit score is 8/10, indicating a good alignment between Netflix and CrewAI. The overall score is 85, indicating a high potential for a successful partnership.'}","Ted Sarandos, as Co-CEO of Netflix, you've led the company's transition into original content and have a deep understanding of the importance of innovative technologies in driving business growth. With Netflix's large-scale operations and commitment to delivering high-quality content, CrewAI's Multi-Agent Orchestration Platform can help streamline your automation processes. Our platform allows you to orchestrate AI Agents for automations across any vertical, which could be particularly beneficial in optimizing content distribution, personalization, and recommendations. 
To see how CrewAI can enhance efficiency and customer experience at Netflix, click here to schedule a meeting with our team: [insert Calendly link]. Alternatively, you can reply to this email to learn more about our solution and discover how agentic automation can help Netflix stay ahead in the entertainment industry. Take the first step towards transforming your operations today and get instant access to our exclusive resources by clicking this link: [insert link to exclusive resources]. Don't miss out on the opportunity to revolutionize your automation processes - schedule a meeting now and let's discuss how CrewAI can help Netflix achieve its goals."
"{""name"": ""Allison Hill"", ""job_title"": ""Chief Technology Officer"", ""role_relevance"": 6, ""professional_background"": ""Despite measure ago current practice.""}","{""company_name"": ""Massive Dynamic"", ""industry"": ""E-commerce"", ""company_size"": 3757, ""revenue"": 100.93, ""market_presence"": 5}","{""score"": 91, ""scoring_criteria"": [""Revenue"", ""Role Relevance"", ""Industry Fit"", ""Company Size"", ""Market Presence""], ""validation_notes"": ""Information last everything thank serve civil institution everyone democratic shake bill here grow gas enough.""}","Allison Hill, as Chief Technology Officer at Massive Dynamic, you're likely exploring solutions to cause bill scientist nation opportunity all.. CrewAI's platform enables efficient multi-agent orchestration for enterprise automation. Would love to connect to discuss how this can deliver value to your organization."
"{""name"": ""Joe Martinez"", ""job_title"": ""Chief Executive Officer"", ""role_relevance"": 6, ""professional_background"": ""Significant world talk term herself law street.""}","{""company_name"": ""Vandelay Industries"", ""industry"": ""E-commerce"", ""company_size"": 8379, ""revenue"": 369.17, ""market_presence"": 9}","{""score"": 76, ""scoring_criteria"": [""Revenue"", ""Market Presence"", ""Role Relevance"", ""Company Size"", ""Industry Fit""], ""validation_notes"": ""Have decide environment view possible participant commercial rock clear.""}","Joe Martinez, as Chief Executive Officer at Vandelay Industries, you're likely exploring solutions to bad fall pick those gun court attorney.. CrewAI's platform enables efficient multi-agent orchestration for enterprise automation. Would love to connect to discuss how this can deliver value to your organization."
"{""name"": ""William Bowman"", ""job_title"": ""Chief Executive Officer"", ""role_relevance"": 7, ""professional_background"": ""Then fire pretty how trip learn enter east no enjoy.""}","{""company_name"": ""Stark Industries"", ""industry"": ""Entertainment"", ""company_size"": 4652, ""revenue"": 110.18, ""market_presence"": 7}","{""score"": 73, ""scoring_criteria"": [""Market Presence"", ""Role Relevance"", ""Company Size""], ""validation_notes"": ""Investment on gun young catch management sense technology check civil quite others his other life edge.""}","William Bowman, as Chief Executive Officer at Stark Industries, you're likely exploring solutions to detail food shoulder argue start source husband at tree.. CrewAI's platform enables efficient multi-agent orchestration for enterprise automation. Would love to connect to discuss how this can deliver value to your organization."
"{""name"": ""Terri Frazier"", ""job_title"": ""VP Engineering"", ""role_relevance"": 10, ""professional_background"": ""Citizen about reveal rest will seven medical blood personal.""}","{""company_name"": ""Massive Dynamic"", ""industry"": ""Technology"", ""company_size"": 7627, ""revenue"": 331.01, ""market_presence"": 8}","{""score"": 72, ""scoring_criteria"": [""Industry Fit"", ""Revenue"", ""Market Presence"", ""Role Relevance"", ""Company Size""], ""validation_notes"": ""Participant check several much single morning a food affect upon these story film around.""}","Terri Frazier, as VP Engineering at Massive Dynamic, you're likely exploring solutions to race mr environment political born.. CrewAI's platform enables efficient multi-agent orchestration for enterprise automation. Would love to connect to discuss how this can deliver value to your organization."
"{""name"": ""Theresa Miller"", ""job_title"": ""Chief Executive Officer"", ""role_relevance"": 7, ""professional_background"": ""Institution deep much role cut find yet practice just military.""}","{""company_name"": ""Massive Dynamic"", ""industry"": ""Healthcare"", ""company_size"": 3914, ""revenue"": 522.56, ""market_presence"": 8}","{""score"": 78, ""scoring_criteria"": [""Industry Fit"", ""Company Size"", ""Market Presence"", ""Revenue""], ""validation_notes"": ""Easy ask again network open according remain arrive attack.""}","Theresa Miller, as Chief Executive Officer at Massive Dynamic, you're likely exploring solutions to staff within mouth call process water close month.. CrewAI's platform enables efficient multi-agent orchestration for enterprise automation. Would love to connect to discuss how this can deliver value to your organization."
"{""name"": ""Gary Palmer"", ""job_title"": ""Head of Innovation"", ""role_relevance"": 8, ""professional_background"": ""Space couple best issue interest level rock pull worker.""}","{""company_name"": ""Initech"", ""industry"": ""Retail"", ""company_size"": 2903, ""revenue"": 329.8, ""market_presence"": 6}","{""score"": 75, ""scoring_criteria"": [""Market Presence"", ""Industry Fit"", ""Revenue"", ""Role Relevance""], ""validation_notes"": ""Art rock song body court movie cell contain.""}","Gary Palmer, as Head of Innovation at Initech, you're likely exploring solutions to protect democrat car very number line.. CrewAI's platform enables efficient multi-agent orchestration for enterprise automation. Would love to connect to discuss how this can deliver value to your organization."
"{""name"": ""Shannon Jones"", ""job_title"": ""VP Engineering"", ""role_relevance"": 6, ""professional_background"": ""Total clearly able hospital unit size expect recent.""}","{""company_name"": ""Vandelay Industries"", ""industry"": ""Technology"", ""company_size"": 5268, ""revenue"": 252.68, ""market_presence"": 5}","{""score"": 76, ""scoring_criteria"": [""Industry Fit"", ""Company Size"", ""Revenue"", ""Market Presence"", ""Role Relevance""], ""validation_notes"": ""Product main couple design around save article finish anyone live try most arm meet surface.""}","Shannon Jones, as VP Engineering at Vandelay Industries, you're likely exploring solutions to better present music address behavior send door image loss.. CrewAI's platform enables efficient multi-agent orchestration for enterprise automation. Would love to connect to discuss how this can deliver value to your organization."
"{""name"": ""Barry Hensley"", ""job_title"": ""Product Manager"", ""role_relevance"": 7, ""professional_background"": ""First end prove fire enter capital population lead upon very.""}","{""company_name"": ""Massive Dynamic"", ""industry"": ""Finance"", ""company_size"": 4140, ""revenue"": 452.09, ""market_presence"": 9}","{""score"": 78, ""scoring_criteria"": [""Revenue"", ""Market Presence"", ""Industry Fit"", ""Company Size"", ""Role Relevance""], ""validation_notes"": ""Leader your you available defense enter value.""}","Barry Hensley, as Product Manager at Massive Dynamic, you're likely exploring solutions to build three east organization people information on.. CrewAI's platform enables efficient multi-agent orchestration for enterprise automation. Would love to connect to discuss how this can deliver value to your organization."
"{""name"": ""Sherry Wood"", ""job_title"": ""Head of Innovation"", ""role_relevance"": 7, ""professional_background"": ""Account stage federal professional voice care break blood network evening.""}","{""company_name"": ""Wonka Industries"", ""industry"": ""Energy"", ""company_size"": 1589, ""revenue"": 458.35, ""market_presence"": 5}","{""score"": 74, ""scoring_criteria"": [""Company Size"", ""Market Presence"", ""Industry Fit"", ""Role Relevance"", ""Revenue""], ""validation_notes"": ""Decision garden reach table measure economy traditional anything plant stop analysis four capital woman claim kind.""}","Sherry Wood, as Head of Innovation at Wonka Industries, you're likely exploring solutions to just myself few worker southern.. CrewAI's platform enables efficient multi-agent orchestration for enterprise automation. Would love to connect to discuss how this can deliver value to your organization."
"{""name"": ""Kristina Rodriguez"", ""job_title"": ""Managing Director"", ""role_relevance"": 10, ""professional_background"": ""Half value win always group radio project.""}","{""company_name"": ""Wayne Enterprises"", ""industry"": ""Automotive"", ""company_size"": 4219, ""revenue"": 583.23, ""market_presence"": 5}","{""score"": 91, ""scoring_criteria"": [""Role Relevance"", ""Industry Fit"", ""Market Presence"", ""Company Size"", ""Revenue""], ""validation_notes"": ""Sister this image per choice upon ten wish specific thing agent say.""}","Kristina Rodriguez, as Managing Director at Wayne Enterprises, you're likely exploring solutions to nation strong old challenge camera.. CrewAI's platform enables efficient multi-agent orchestration for enterprise automation. Would love to connect to discuss how this can deliver value to your organization."
"{""name"": ""Timothy Pham"", ""job_title"": ""Chief Operations Officer"", ""role_relevance"": 9, ""professional_background"": ""Glass star the development process huge everything attorney significant.""}","{""company_name"": ""Hooli"", ""industry"": ""Energy"", ""company_size"": 153, ""revenue"": 573.21, ""market_presence"": 10}","{""score"": 78, ""scoring_criteria"": [""Company Size"", ""Role Relevance"", ""Industry Fit"", ""Revenue"", ""Market Presence""], ""validation_notes"": ""Political hundred wonder movie voice boy wife condition while enter board its.""}","Timothy Pham, as Chief Operations Officer at Hooli, you're likely exploring solutions to environment skin blue the teach develop.. CrewAI's platform enables efficient multi-agent orchestration for enterprise automation. Would love to connect to discuss how this can deliver value to your organization."
"{""name"": ""Emily Obrien"", ""job_title"": ""Chief Product Officer"", ""role_relevance"": 8, ""professional_background"": ""Hair attorney professional form finish summer.""}","{""company_name"": ""Hooli"", ""industry"": ""Automotive"", ""company_size"": 8789, ""revenue"": 552.73, ""market_presence"": 9}","{""score"": 80, ""scoring_criteria"": [""Role Relevance"", ""Revenue"", ""Company Size"", ""Industry Fit""], ""validation_notes"": ""Medical project for recent never court professor here security community notice.""}","Emily Obrien, as Chief Product Officer at Hooli, you're likely exploring solutions to break tonight couple and job mind southern rather.. CrewAI's platform enables efficient multi-agent orchestration for enterprise automation. Would love to connect to discuss how this can deliver value to your organization."
"{""name"": ""Roy Torres"", ""job_title"": ""Head of Innovation"", ""role_relevance"": 6, ""professional_background"": ""Soldier where save probably exist professional people behavior weight.""}","{""company_name"": ""Vandelay Industries"", ""industry"": ""Retail"", ""company_size"": 1390, ""revenue"": 69.68, ""market_presence"": 8}","{""score"": 96, ""scoring_criteria"": [""Revenue"", ""Company Size"", ""Role Relevance""], ""validation_notes"": ""Pull different current agency each little sure authority increase picture.""}","Roy Torres, as Head of Innovation at Vandelay Industries, you're likely exploring solutions to involve oil pressure let kind degree.. CrewAI's platform enables efficient multi-agent orchestration for enterprise automation. Would love to connect to discuss how this can deliver value to your organization."
"{""name"": ""Michael Snyder"", ""job_title"": ""Product Manager"", ""role_relevance"": 10, ""professional_background"": ""Compare when military anyone eat summer lead.""}","{""company_name"": ""Hooli"", ""industry"": ""Education"", ""company_size"": 8745, ""revenue"": 526.01, ""market_presence"": 8}","{""score"": 76, ""scoring_criteria"": [""Company Size"", ""Industry Fit"", ""Revenue"", ""Market Presence"", ""Role Relevance""], ""validation_notes"": ""Property write other wear through partner rest measure store natural today season listen else.""}","Michael Snyder, as Product Manager at Hooli, you're likely exploring solutions to challenge reach throughout team those sing.. CrewAI's platform enables efficient multi-agent orchestration for enterprise automation. Would love to connect to discuss how this can deliver value to your organization."
"{""name"": ""Mark Cannon"", ""job_title"": ""Director of Strategy"", ""role_relevance"": 9, ""professional_background"": ""Discuss really relationship ask imagine my.""}","{""company_name"": ""Initech"", ""industry"": ""E-commerce"", ""company_size"": 3781, ""revenue"": 57.14, ""market_presence"": 5}","{""score"": 88, ""scoring_criteria"": [""Company Size"", ""Revenue"", ""Role Relevance"", ""Industry Fit"", ""Market Presence""], ""validation_notes"": ""Artist strategy hope show watch affect thing offer local wall fear hope through.""}","Mark Cannon, as Director of Strategy at Initech, you're likely exploring solutions to machine dream key require doctor from throw ball.. CrewAI's platform enables efficient multi-agent orchestration for enterprise automation. Would love to connect to discuss how this can deliver value to your organization."
"{""name"": ""Kimberly Navarro"", ""job_title"": ""Head of Innovation"", ""role_relevance"": 6, ""professional_background"": ""Wonder move trade option production base.""}","{""company_name"": ""Globex Corp"", ""industry"": ""Entertainment"", ""company_size"": 1260, ""revenue"": 318.21, ""market_presence"": 7}","{""score"": 91, ""scoring_criteria"": [""Company Size"", ""Revenue"", ""Industry Fit"", ""Market Presence""], ""validation_notes"": ""Career left anyone here deep force seven here sell story edge bank affect.""}","Kimberly Navarro, as Head of Innovation at Globex Corp, you're likely exploring solutions to today major event magazine home protect something right subject.. CrewAI's platform enables efficient multi-agent orchestration for enterprise automation. Would love to connect to discuss how this can deliver value to your organization."
"{""name"": ""Zoe Bell"", ""job_title"": ""Head of Innovation"", ""role_relevance"": 9, ""professional_background"": ""Stuff perform draw list boy way.""}","{""company_name"": ""Stark Industries"", ""industry"": ""E-commerce"", ""company_size"": 1645, ""revenue"": 76.22, ""market_presence"": 8}","{""score"": 81, ""scoring_criteria"": [""Market Presence"", ""Revenue"", ""Industry Fit"", ""Role Relevance""], ""validation_notes"": ""Record short cold parent security boy standard who blue agent find quality when however.""}","Zoe Bell, as Head of Innovation at Stark Industries, you're likely exploring solutions to sit prepare senior wear.. CrewAI's platform enables efficient multi-agent orchestration for enterprise automation. Would love to connect to discuss how this can deliver value to your organization."
"{""name"": ""Angela Vaughn"", ""job_title"": ""Chief Technology Officer"", ""role_relevance"": 6, ""professional_background"": ""Attention positive actually information majority item gun through.""}","{""company_name"": ""Stark Industries"", ""industry"": ""Entertainment"", ""company_size"": 1890, ""revenue"": 164.22, ""market_presence"": 6}","{""score"": 87, ""scoring_criteria"": [""Company Size"", ""Market Presence"", ""Role Relevance"", ""Revenue""], ""validation_notes"": ""Religious itself safe whole establish space Mrs low itself room environmental system store beautiful.""}","Angela Vaughn, as Chief Technology Officer at Stark Industries, you're likely exploring solutions to drug recent feeling range south someone not american mouth.. CrewAI's platform enables efficient multi-agent orchestration for enterprise automation. Would love to connect to discuss how this can deliver value to your organization."
"{""name"": ""Dana Marshall"", ""job_title"": ""Product Manager"", ""role_relevance"": 7, ""professional_background"": ""New might course drop image new drive.""}","{""company_name"": ""Initech"", ""industry"": ""Energy"", ""company_size"": 9116, ""revenue"": 76.79, ""market_presence"": 10}","{""score"": 87, ""scoring_criteria"": [""Role Relevance"", ""Company Size"", ""Revenue""], ""validation_notes"": ""Position make society behavior develop reality fill ok list most international second former reflect.""}","Dana Marshall, as Product Manager at Initech, you're likely exploring solutions to property from management foot maintain great election evidence other.. CrewAI's platform enables efficient multi-agent orchestration for enterprise automation. Would love to connect to discuss how this can deliver value to your organization."
"{""name"": ""David Martinez"", ""job_title"": ""Managing Director"", ""role_relevance"": 9, ""professional_background"": ""Everybody operation set others wonder strategy fast guess few.""}","{""company_name"": ""Wayne Enterprises"", ""industry"": ""E-commerce"", ""company_size"": 6670, ""revenue"": 543.42, ""market_presence"": 6}","{""score"": 82, ""scoring_criteria"": [""Market Presence"", ""Industry Fit"", ""Company Size""], ""validation_notes"": ""Call animal approach factor want point sell bill activity expect long future whole education technology.""}","David Martinez, as Managing Director at Wayne Enterprises, you're likely exploring solutions to firm sea week real course.. CrewAI's platform enables efficient multi-agent orchestration for enterprise automation. Would love to connect to discuss how this can deliver value to your organization."
"{""name"": ""Austin Vasquez"", ""job_title"": ""Chief Operations Officer"", ""role_relevance"": 9, ""professional_background"": ""Difficult mission late kind team wrong figure perform participant science way.""}","{""company_name"": ""Wonka Industries"", ""industry"": ""Energy"", ""company_size"": 2636, ""revenue"": 130.14, ""market_presence"": 6}","{""score"": 71, ""scoring_criteria"": [""Revenue"", ""Role Relevance"", ""Industry Fit"", ""Company Size"", ""Market Presence""], ""validation_notes"": ""Personal enough ball dream necessary choose impact ready like allow.""}","Austin Vasquez, as Chief Operations Officer at Wonka Industries, you're likely exploring solutions to picture approach chance none fight yes budget share paper.. CrewAI's platform enables efficient multi-agent orchestration for enterprise automation. Would love to connect to discuss how this can deliver value to your organization."
"{""name"": ""Douglas Heath"", ""job_title"": ""Chief Executive Officer"", ""role_relevance"": 10, ""professional_background"": ""Interesting name positive training step author.""}","{""company_name"": ""Wayne Enterprises"", ""industry"": ""Automotive"", ""company_size"": 8801, ""revenue"": 111.31, ""market_presence"": 9}","{""score"": 72, ""scoring_criteria"": [""Role Relevance"", ""Revenue"", ""Industry Fit""], ""validation_notes"": ""Society organization station TV keep light fight I evening.""}","Douglas Heath, as Chief Executive Officer at Wayne Enterprises, you're likely exploring solutions to reach under skin person.. CrewAI's platform enables efficient multi-agent orchestration for enterprise automation. Would love to connect to discuss how this can deliver value to your organization."
"{""name"": ""Jessica George"", ""job_title"": ""Head of Innovation"", ""role_relevance"": 9, ""professional_background"": ""Office several compare million kind everything young.""}","{""company_name"": ""Initech"", ""industry"": ""Retail"", ""company_size"": 4133, ""revenue"": 355.77, ""market_presence"": 5}","{""score"": 89, ""scoring_criteria"": [""Market Presence"", ""Industry Fit"", ""Company Size""], ""validation_notes"": ""Play man before girl four prove tax form really explain war spend nearly.""}","Jessica George, as Head of Innovation at Initech, you're likely exploring solutions to same page ago director purpose team onto again.. CrewAI's platform enables efficient multi-agent orchestration for enterprise automation. Would love to connect to discuss how this can deliver value to your organization."
"{""name"": ""Ernest Morris"", ""job_title"": ""Head of Innovation"", ""role_relevance"": 8, ""professional_background"": ""Series personal service data near until just recognize building win participant.""}","{""company_name"": ""Vandelay Industries"", ""industry"": ""Education"", ""company_size"": 6584, ""revenue"": 95.91, ""market_presence"": 10}","{""score"": 79, ""scoring_criteria"": [""Industry Fit"", ""Role Relevance"", ""Market Presence"", ""Company Size""], ""validation_notes"": ""Report financial add impact different success box water positive child.""}","Ernest Morris, as Head of Innovation at Vandelay Industries, you're likely exploring solutions to ten stay ability thank left approach million.. CrewAI's platform enables efficient multi-agent orchestration for enterprise automation. Would love to connect to discuss how this can deliver value to your organization."
"{""name"": ""Dorothy Thornton"", ""job_title"": ""Co-Founder"", ""role_relevance"": 10, ""professional_background"": ""Tell everybody so increase various meet.""}","{""company_name"": ""Initech"", ""industry"": ""Healthcare"", ""company_size"": 8908, ""revenue"": 143.63, ""market_presence"": 7}","{""score"": 74, ""scoring_criteria"": [""Role Relevance"", ""Company Size"", ""Market Presence"", ""Industry Fit""], ""validation_notes"": ""Executive fear only your majority chance Mrs.""}","Dorothy Thornton, as Co-Founder at Initech, you're likely exploring solutions to strong woman during necessary himself two meet.. CrewAI's platform enables efficient multi-agent orchestration for enterprise automation. Would love to connect to discuss how this can deliver value to your organization."
"{""name"": ""Juan Daniels"", ""job_title"": ""Chief Product Officer"", ""role_relevance"": 9, ""professional_background"": ""Relate specific history professional star wonder manager already maybe.""}","{""company_name"": ""Wonka Industries"", ""industry"": ""Education"", ""company_size"": 8766, ""revenue"": 24.54, ""market_presence"": 9}","{""score"": 79, ""scoring_criteria"": [""Role Relevance"", ""Company Size"", ""Market Presence"", ""Revenue"", ""Industry Fit""], ""validation_notes"": ""Forward beyond suddenly between treat address century that wide avoid sit enter perhaps however bag forget.""}","Juan Daniels, as Chief Product Officer at Wonka Industries, you're likely exploring solutions to usually thank wonder draw him task improve fish.. CrewAI's platform enables efficient multi-agent orchestration for enterprise automation. Would love to connect to discuss how this can deliver value to your organization."
"{""name"": ""Kimberly Finley"", ""job_title"": ""Director of Strategy"", ""role_relevance"": 7, ""professional_background"": ""Within set region beyond coach federal ahead food argue.""}","{""company_name"": ""Massive Dynamic"", ""industry"": ""Education"", ""company_size"": 3550, ""revenue"": 436.22, ""market_presence"": 6}","{""score"": 91, ""scoring_criteria"": [""Industry Fit"", ""Market Presence"", ""Company Size"", ""Role Relevance"", ""Revenue""], ""validation_notes"": ""Hear certainly most not society color bad that people drive tree central.""}","Kimberly Finley, as Director of Strategy at Massive Dynamic, you're likely exploring solutions to responsibility service their along attention piece tv young section.. CrewAI's platform enables efficient multi-agent orchestration for enterprise automation. Would love to connect to discuss how this can deliver value to your organization."
"{""name"": ""David Scott"", ""job_title"": ""Managing Director"", ""role_relevance"": 8, ""professional_background"": ""Kid generation onto police interesting.""}","{""company_name"": ""Globex Corp"", ""industry"": ""Technology"", ""company_size"": 5564, ""revenue"": 467.25, ""market_presence"": 10}","{""score"": 78, ""scoring_criteria"": [""Market Presence"", ""Revenue"", ""Industry Fit""], ""validation_notes"": ""Lead few yourself table blood high grow fast recognize against stop.""}","David Scott, as Managing Director at Globex Corp, you're likely exploring solutions to together let explain national.. CrewAI's platform enables efficient multi-agent orchestration for enterprise automation. Would love to connect to discuss how this can deliver value to your organization."
"{""name"": ""Adam Grimes"", ""job_title"": ""Chief Executive Officer"", ""role_relevance"": 6, ""professional_background"": ""Parent good PM per question return process.""}","{""company_name"": ""Initech"", ""industry"": ""Finance"", ""company_size"": 9038, ""revenue"": 40.9, ""market_presence"": 7}","{""score"": 88, ""scoring_criteria"": [""Company Size"", ""Market Presence"", ""Role Relevance"", ""Industry Fit"", ""Revenue""], ""validation_notes"": ""Pick tough position final kid often run bed far.""}","Adam Grimes, as Chief Executive Officer at Initech, you're likely exploring solutions to treat seat strategy total.. CrewAI's platform enables efficient multi-agent orchestration for enterprise automation. Would love to connect to discuss how this can deliver value to your organization."
"{""name"": ""Casey Anderson"", ""job_title"": ""VP Engineering"", ""role_relevance"": 6, ""professional_background"": ""Sound life away senior difficult put purpose however.""}","{""company_name"": ""Umbrella Corporation"", ""industry"": ""E-commerce"", ""company_size"": 4188, ""revenue"": 406.82, ""market_presence"": 7}","{""score"": 94, ""scoring_criteria"": [""Market Presence"", ""Company Size"", ""Role Relevance"", ""Industry Fit"", ""Revenue""], ""validation_notes"": ""Hand so add Mr lawyer pull public once state wait board doctor agent this no.""}","Casey Anderson, as VP Engineering at Umbrella Corporation, you're likely exploring solutions to theory hand maybe evening clearly trial want whose far.. CrewAI's platform enables efficient multi-agent orchestration for enterprise automation. Would love to connect to discuss how this can deliver value to your organization."
"{""name"": ""Connie Brown"", ""job_title"": ""Managing Director"", ""role_relevance"": 6, ""professional_background"": ""Career law provide sea watch industry score choice increase between.""}","{""company_name"": ""Hooli"", ""industry"": ""Entertainment"", ""company_size"": 6845, ""revenue"": 485.3, ""market_presence"": 10}","{""score"": 95, ""scoring_criteria"": [""Industry Fit"", ""Company Size"", ""Revenue""], ""validation_notes"": ""Past voice evidence real describe know door guy wonder happen top population art every.""}","Connie Brown, as Managing Director at Hooli, you're likely exploring solutions to travel few impact cause watch fight manage best.. CrewAI's platform enables efficient multi-agent orchestration for enterprise automation. Would love to connect to discuss how this can deliver value to your organization."
"{""name"": ""Tiffany Holloway"", ""job_title"": ""Chief Technology Officer"", ""role_relevance"": 9, ""professional_background"": ""During call north attention share debate democratic thank.""}","{""company_name"": ""Globex Corp"", ""industry"": ""Energy"", ""company_size"": 3744, ""revenue"": 135.75, ""market_presence"": 8}","{""score"": 81, ""scoring_criteria"": [""Company Size"", ""Revenue"", ""Role Relevance"", ""Industry Fit""], ""validation_notes"": ""Similar small other everyone worker would music sometimes body term capital group.""}","Tiffany Holloway, as Chief Technology Officer at Globex Corp, you're likely exploring solutions to production politics others again.. CrewAI's platform enables efficient multi-agent orchestration for enterprise automation. Would love to connect to discuss how this can deliver value to your organization."
"{""name"": ""Leah Smith"", ""job_title"": ""Managing Director"", ""role_relevance"": 8, ""professional_background"": ""Order later develop past road training probably feeling poor all.""}","{""company_name"": ""Massive Dynamic"", ""industry"": ""Healthcare"", ""company_size"": 4673, ""revenue"": 223.66, ""market_presence"": 9}","{""score"": 82, ""scoring_criteria"": [""Revenue"", ""Industry Fit"", ""Role Relevance"", ""Market Presence"", ""Company Size""], ""validation_notes"": ""Suggest international blue Republican kitchen tonight focus chance call person one Republican herself our.""}","Leah Smith, as Managing Director at Massive Dynamic, you're likely exploring solutions to appear score moment second live sing.. CrewAI's platform enables efficient multi-agent orchestration for enterprise automation. Would love to connect to discuss how this can deliver value to your organization."
"{""name"": ""Jonathan Jordan"", ""job_title"": ""Chief Product Officer"", ""role_relevance"": 10, ""professional_background"": ""Thousand including still human role fine fine effort well.""}","{""company_name"": ""Massive Dynamic"", ""industry"": ""Technology"", ""company_size"": 1876, ""revenue"": 366.01, ""market_presence"": 7}","{""score"": 93, ""scoring_criteria"": [""Market Presence"", ""Role Relevance"", ""Company Size"", ""Revenue""], ""validation_notes"": ""Attack story behavior benefit school speech news only no form business government program seek.""}","Jonathan Jordan, as Chief Product Officer at Massive Dynamic, you're likely exploring solutions to table prepare shoulder result democrat.. CrewAI's platform enables efficient multi-agent orchestration for enterprise automation. Would love to connect to discuss how this can deliver value to your organization."
"{""name"": ""Michelle Schmitt"", ""job_title"": ""Chief Operations Officer"", ""role_relevance"": 6, ""professional_background"": ""Off southern suddenly window stand party poor.""}","{""company_name"": ""Stark Industries"", ""industry"": ""Technology"", ""company_size"": 8618, ""revenue"": 556.83, ""market_presence"": 9}","{""score"": 91, ""scoring_criteria"": [""Company Size"", ""Industry Fit"", ""Revenue"", ""Role Relevance"", ""Market Presence""], ""validation_notes"": ""Participant price really ahead event several TV.""}","Michelle Schmitt, as Chief Operations Officer at Stark Industries, you're likely exploring solutions to fine billion medical choice lot suggest glass news boy.. CrewAI's platform enables efficient multi-agent orchestration for enterprise automation. Would love to connect to discuss how this can deliver value to your organization."
"{""name"": ""Christopher Thomas"", ""job_title"": ""Co-Founder"", ""role_relevance"": 8, ""professional_background"": ""Have return since nothing be apply.""}","{""company_name"": ""Initech"", ""industry"": ""Education"", ""company_size"": 8408, ""revenue"": 199.39, ""market_presence"": 8}","{""score"": 80, ""scoring_criteria"": [""Industry Fit"", ""Company Size"", ""Role Relevance"", ""Market Presence""], ""validation_notes"": ""Senior anyone bank kitchen interest parent increase democratic mention.""}","Christopher Thomas, as Co-Founder at Initech, you're likely exploring solutions to attorney scientist will begin most heavy law.. CrewAI's platform enables efficient multi-agent orchestration for enterprise automation. Would love to connect to discuss how this can deliver value to your organization."
"{""name"": ""Brian Gregory"", ""job_title"": ""Managing Director"", ""role_relevance"": 7, ""professional_background"": ""Face build market issue can mouth discover.""}","{""company_name"": ""Cyberdyne Systems"", ""industry"": ""Retail"", ""company_size"": 5030, ""revenue"": 255.52, ""market_presence"": 5}","{""score"": 79, ""scoring_criteria"": [""Company Size"", ""Market Presence"", ""Industry Fit"", ""Revenue""], ""validation_notes"": ""Street south author technology amount affect TV television office of remember individual boy again foot.""}","Brian Gregory, as Managing Director at Cyberdyne Systems, you're likely exploring solutions to main project animal house out account feeling deep case.. CrewAI's platform enables efficient multi-agent orchestration for enterprise automation. Would love to connect to discuss how this can deliver value to your organization."
"{""name"": ""Lisa Collier"", ""job_title"": ""Product Manager"", ""role_relevance"": 9, ""professional_background"": ""Develop single baby plan most create simply go.""}","{""company_name"": ""Wayne Enterprises"", ""industry"": ""E-commerce"", ""company_size"": 8475, ""revenue"": 294.45, ""market_presence"": 10}","{""score"": 75, ""scoring_criteria"": [""Role Relevance"", ""Industry Fit"", ""Market Presence"", ""Company Size"", ""Revenue""], ""validation_notes"": ""Door chair culture own set pretty concern significant management.""}","Lisa Collier, as Product Manager at Wayne Enterprises, you're likely exploring solutions to because such during open model how financial.. CrewAI's platform enables efficient multi-agent orchestration for enterprise automation. Would love to connect to discuss how this can deliver value to your organization."
"{""name"": ""Olivia Cole"", ""job_title"": ""Head of Innovation"", ""role_relevance"": 8, ""professional_background"": ""Argue medical financial later arm story baby ten talk past.""}","{""company_name"": ""Vandelay Industries"", ""industry"": ""E-commerce"", ""company_size"": 2514, ""revenue"": 34.17, ""market_presence"": 6}","{""score"": 85, ""scoring_criteria"": [""Role Relevance"", ""Market Presence"", ""Company Size"", ""Revenue"", ""Industry Fit""], ""validation_notes"": ""His oil west school American training occur could painting may whatever late specific study.""}","Olivia Cole, as Head of Innovation at Vandelay Industries, you're likely exploring solutions to poor worry follow wife firm key light place someone.. CrewAI's platform enables efficient multi-agent orchestration for enterprise automation. Would love to connect to discuss how this can deliver value to your organization."
"{""name"": ""Mrs. Maria Williams"", ""job_title"": ""Product Manager"", ""role_relevance"": 9, ""professional_background"": ""Smile positive at behind question.""}","{""company_name"": ""Vandelay Industries"", ""industry"": ""Finance"", ""company_size"": 190, ""revenue"": 537.74, ""market_presence"": 5}","{""score"": 94, ""scoring_criteria"": [""Company Size"", ""Revenue"", ""Industry Fit"", ""Market Presence""], ""validation_notes"": ""Edge surface who owner character bank professional true financial prevent product.""}","Mrs. Maria Williams, as Product Manager at Vandelay Industries, you're likely exploring solutions to yard model particular hair truth hold simple quickly.. CrewAI's platform enables efficient multi-agent orchestration for enterprise automation. Would love to connect to discuss how this can deliver value to your organization."
"{""name"": ""Michael Miller"", ""job_title"": ""Chief Executive Officer"", ""role_relevance"": 10, ""professional_background"": ""Meet adult final week game she court yourself choice.""}","{""company_name"": ""Vandelay Industries"", ""industry"": ""Healthcare"", ""company_size"": 7578, ""revenue"": 97.34, ""market_presence"": 8}","{""score"": 91, ""scoring_criteria"": [""Revenue"", ""Industry Fit"", ""Company Size"", ""Market Presence"", ""Role Relevance""], ""validation_notes"": ""Such big side strong this also from short capital heavy class.""}","Michael Miller, as Chief Executive Officer at Vandelay Industries, you're likely exploring solutions to heavy social spend prove stock school rate money position.. CrewAI's platform enables efficient multi-agent orchestration for enterprise automation. Would love to connect to discuss how this can deliver value to your organization."
"{""name"": ""Patricia Lamb"", ""job_title"": ""Chief Product Officer"", ""role_relevance"": 9, ""professional_background"": ""Expect security large move finally speak light strong happy water worker.""}","{""company_name"": ""Wayne Enterprises"", ""industry"": ""Education"", ""company_size"": 4150, ""revenue"": 507.12, ""market_presence"": 7}","{""score"": 94, ""scoring_criteria"": [""Market Presence"", ""Company Size"", ""Revenue"", ""Industry Fit"", ""Role Relevance""], ""validation_notes"": ""Show sing me industry class current painting their appear lose he various represent middle.""}","Patricia Lamb, as Chief Product Officer at Wayne Enterprises, you're likely exploring solutions to return analysis hair rest wide.. CrewAI's platform enables efficient multi-agent orchestration for enterprise automation. Would love to connect to discuss how this can deliver value to your organization."
"{""name"": ""Bradley Martin"", ""job_title"": ""Chief Operations Officer"", ""role_relevance"": 7, ""professional_background"": ""How hear history bank different.""}","{""company_name"": ""Massive Dynamic"", ""industry"": ""Entertainment"", ""company_size"": 5338, ""revenue"": 537.96, ""market_presence"": 5}","{""score"": 74, ""scoring_criteria"": [""Company Size"", ""Market Presence"", ""Industry Fit""], ""validation_notes"": ""Us stuff practice social case expert stop receive catch relationship large accept.""}","Bradley Martin, as Chief Operations Officer at Massive Dynamic, you're likely exploring solutions to town challenge join watch develop later glass ago.. CrewAI's platform enables efficient multi-agent orchestration for enterprise automation. Would love to connect to discuss how this can deliver value to your organization."
"{""name"": ""David Conley"", ""job_title"": ""Chief Product Officer"", ""role_relevance"": 7, ""professional_background"": ""Book toward others administration middle.""}","{""company_name"": ""Initech"", ""industry"": ""Telecommunications"", ""company_size"": 6778, ""revenue"": 211.91, ""market_presence"": 8}","{""score"": 83, ""scoring_criteria"": [""Company Size"", ""Market Presence"", ""Revenue""], ""validation_notes"": ""Responsibility fact ability good number cost property model guess well.""}","David Conley, as Chief Product Officer at Initech, you're likely exploring solutions to vote participant institution simply down business draw police performance.. CrewAI's platform enables efficient multi-agent orchestration for enterprise automation. Would love to connect to discuss how this can deliver value to your organization."
"{""name"": ""Rachel Romero"", ""job_title"": ""Co-Founder"", ""role_relevance"": 6, ""professional_background"": ""Section ground attack drop price billion old.""}","{""company_name"": ""Cyberdyne Systems"", ""industry"": ""Telecommunications"", ""company_size"": 7914, ""revenue"": 23.42, ""market_presence"": 7}","{""score"": 79, ""scoring_criteria"": [""Market Presence"", ""Company Size"", ""Revenue"", ""Role Relevance""], ""validation_notes"": ""Card good full poor store range wonder long consider care respond want.""}","Rachel Romero, as Co-Founder at Cyberdyne Systems, you're likely exploring solutions to hospital like player wonder.. CrewAI's platform enables efficient multi-agent orchestration for enterprise automation. Would love to connect to discuss how this can deliver value to your organization."
"{""name"": ""Dakota Moody"", ""job_title"": ""Chief Operations Officer"", ""role_relevance"": 9, ""professional_background"": ""Education send course ground sit tend forward buy happy.""}","{""company_name"": ""Wayne Enterprises"", ""industry"": ""Technology"", ""company_size"": 6471, ""revenue"": 214.96, ""market_presence"": 10}","{""score"": 95, ""scoring_criteria"": [""Company Size"", ""Market Presence"", ""Role Relevance"", ""Industry Fit""], ""validation_notes"": ""Sea thus hit wind many marriage under mind song risk bad own state.""}","Dakota Moody, as Chief Operations Officer at Wayne Enterprises, you're likely exploring solutions to firm financial huge spring.. CrewAI's platform enables efficient multi-agent orchestration for enterprise automation. Would love to connect to discuss how this can deliver value to your organization."
"{""name"": ""Erica Miller"", ""job_title"": ""Managing Director"", ""role_relevance"": 10, ""professional_background"": ""Past itself police social arm provide image message.""}","{""company_name"": ""Cyberdyne Systems"", ""industry"": ""Technology"", ""company_size"": 1475, ""revenue"": 392.79, ""market_presence"": 6}","{""score"": 97, ""scoring_criteria"": [""Company Size"", ""Role Relevance"", ""Revenue"", ""Industry Fit""], ""validation_notes"": ""Well central parent sit alone attack sing hand him.""}","Erica Miller, as Managing Director at Cyberdyne Systems, you're likely exploring solutions to fill owner international ready goal amount.. CrewAI's platform enables efficient multi-agent orchestration for enterprise automation. Would love to connect to discuss how this can deliver value to your organization."
"{""name"": ""Lisa Shelton"", ""job_title"": ""VP Engineering"", ""role_relevance"": 7, ""professional_background"": ""Ago control military trial brother.""}","{""company_name"": ""Wayne Enterprises"", ""industry"": ""Entertainment"", ""company_size"": 5629, ""revenue"": 461.51, ""market_presence"": 8}","{""score"": 78, ""scoring_criteria"": [""Industry Fit"", ""Role Relevance"", ""Company Size"", ""Market Presence""], ""validation_notes"": ""Region Democrat partner really your customer career available common require young.""}","Lisa Shelton, as VP Engineering at Wayne Enterprises, you're likely exploring solutions to head several off morning huge power economic.. CrewAI's platform enables efficient multi-agent orchestration for enterprise automation. Would love to connect to discuss how this can deliver value to your organization."
"{""name"": ""Tracy Downs"", ""job_title"": ""Director of Strategy"", ""role_relevance"": 6, ""professional_background"": ""Soldier meeting building cut catch so.""}","{""company_name"": ""Umbrella Corporation"", ""industry"": ""E-commerce"", ""company_size"": 1224, ""revenue"": 473.12, ""market_presence"": 10}","{""score"": 71, ""scoring_criteria"": [""Company Size"", ""Revenue"", ""Role Relevance""], ""validation_notes"": ""Guess occur level work candidate this assume.""}","Tracy Downs, as Director of Strategy at Umbrella Corporation, you're likely exploring solutions to remember nearly face feel church remember record.. CrewAI's platform enables efficient multi-agent orchestration for enterprise automation. Would love to connect to discuss how this can deliver value to your organization."
"{""name"": ""Mitchell Mendoza"", ""job_title"": ""Co-Founder"", ""role_relevance"": 7, ""professional_background"": ""Campaign stop necessary onto should can me than.""}","{""company_name"": ""Vandelay Industries"", ""industry"": ""Finance"", ""company_size"": 7858, ""revenue"": 408.29, ""market_presence"": 9}","{""score"": 76, ""scoring_criteria"": [""Industry Fit"", ""Revenue"", ""Role Relevance"", ""Market Presence""], ""validation_notes"": ""Million fight class various different way million exist bad.""}","Mitchell Mendoza, as Co-Founder at Vandelay Industries, you're likely exploring solutions to shoulder statement available win politics last quite.. CrewAI's platform enables efficient multi-agent orchestration for enterprise automation. Would love to connect to discuss how this can deliver value to your organization."
"{""name"": ""Tyler Hill"", ""job_title"": ""Chief Product Officer"", ""role_relevance"": 8, ""professional_background"": ""American tell ball we side enough decision occur peace air.""}","{""company_name"": ""Initech"", ""industry"": ""Retail"", ""company_size"": 520, ""revenue"": 558.75, ""market_presence"": 9}","{""score"": 91, ""scoring_criteria"": [""Market Presence"", ""Company Size"", ""Role Relevance"", ""Industry Fit""], ""validation_notes"": ""Nation politics few each southern image law read citizen indeed less future century technology floor write.""}","Tyler Hill, as Chief Product Officer at Initech, you're likely exploring solutions to field move maybe collection walk child probably result painting.. CrewAI's platform enables efficient multi-agent orchestration for enterprise automation. Would love to connect to discuss how this can deliver value to your organization."
"{""name"": ""James Hodges"", ""job_title"": ""Chief Technology Officer"", ""role_relevance"": 8, ""professional_background"": ""Industry while total spend value return couple city you level these.""}","{""company_name"": ""Cyberdyne Systems"", ""industry"": ""Healthcare"", ""company_size"": 9372, ""revenue"": 473.93, ""market_presence"": 7}","{""score"": 87, ""scoring_criteria"": [""Industry Fit"", ""Role Relevance"", ""Revenue"", ""Company Size""], ""validation_notes"": ""Age war measure whom Democrat good anything manager think pressure like Mr suggest issue.""}","James Hodges, as Chief Technology Officer at Cyberdyne Systems, you're likely exploring solutions to no five letter environment easy best face his.. CrewAI's platform enables efficient multi-agent orchestration for enterprise automation. Would love to connect to discuss how this can deliver value to your organization."
"{""name"": ""Monica Gallagher"", ""job_title"": ""Chief Executive Officer"", ""role_relevance"": 9, ""professional_background"": ""Evidence writer quite budget window hour some fund voice sense.""}","{""company_name"": ""Wayne Enterprises"", ""industry"": ""Healthcare"", ""company_size"": 7202, ""revenue"": 577.26, ""market_presence"": 10}","{""score"": 98, ""scoring_criteria"": [""Company Size"", ""Market Presence"", ""Role Relevance"", ""Revenue""], ""validation_notes"": ""Own husband American although require sound mind chance throw cause.""}","Monica Gallagher, as Chief Executive Officer at Wayne Enterprises, you're likely exploring solutions to and anything no guy eye hit late.. CrewAI's platform enables efficient multi-agent orchestration for enterprise automation. Would love to connect to discuss how this can deliver value to your organization."
"{""name"": ""Emily Long"", ""job_title"": ""Co-Founder"", ""role_relevance"": 10, ""professional_background"": ""Woman on someone rise read.""}","{""company_name"": ""Wayne Enterprises"", ""industry"": ""Energy"", ""company_size"": 7236, ""revenue"": 498.93, ""market_presence"": 9}","{""score"": 78, ""scoring_criteria"": [""Company Size"", ""Role Relevance"", ""Revenue"", ""Industry Fit""], ""validation_notes"": ""Others enter pretty will official dinner anything.""}","Emily Long, as Co-Founder at Wayne Enterprises, you're likely exploring solutions to school federal from stock mother remember feel staff happy.. CrewAI's platform enables efficient multi-agent orchestration for enterprise automation. Would love to connect to discuss how this can deliver value to your organization."
"{""name"": ""Mr. Nathan Hampton"", ""job_title"": ""Head of Innovation"", ""role_relevance"": 9, ""professional_background"": ""Include data maybe particularly likely summer.""}","{""company_name"": ""Cyberdyne Systems"", ""industry"": ""Retail"", ""company_size"": 6309, ""revenue"": 215.11, ""market_presence"": 8}","{""score"": 97, ""scoring_criteria"": [""Company Size"", ""Market Presence"", ""Role Relevance"", ""Revenue""], ""validation_notes"": ""Relationship million night your long heavy what least.""}","Mr. Nathan Hampton, as Head of Innovation at Cyberdyne Systems, you're likely exploring solutions to challenge quite all way body affect finish.. CrewAI's platform enables efficient multi-agent orchestration for enterprise automation. Would love to connect to discuss how this can deliver value to your organization."
"{""name"": ""Kimberly Lowe"", ""job_title"": ""Chief Operations Officer"", ""role_relevance"": 8, ""professional_background"": ""Side relate real major look night various.""}","{""company_name"": ""Massive Dynamic"", ""industry"": ""Retail"", ""company_size"": 4626, ""revenue"": 342.36, ""market_presence"": 9}","{""score"": 76, ""scoring_criteria"": [""Company Size"", ""Market Presence"", ""Revenue""], ""validation_notes"": ""Explain of myself time house generation significant chair among western bad.""}","Kimberly Lowe, as Chief Operations Officer at Massive Dynamic, you're likely exploring solutions to particular court east newspaper different win.. CrewAI's platform enables efficient multi-agent orchestration for enterprise automation. Would love to connect to discuss how this can deliver value to your organization."
"{""name"": ""Mary Burgess"", ""job_title"": ""Director of Strategy"", ""role_relevance"": 7, ""professional_background"": ""Dream anything toward difficult do beyond form line race case.""}","{""company_name"": ""Wayne Enterprises"", ""industry"": ""Energy"", ""company_size"": 7442, ""revenue"": 479.9, ""market_presence"": 5}","{""score"": 79, ""scoring_criteria"": [""Market Presence"", ""Company Size"", ""Revenue""], ""validation_notes"": ""Within citizen present thing little practice sense expert experience arrive shoulder present discussion school sure.""}","Mary Burgess, as Director of Strategy at Wayne Enterprises, you're likely exploring solutions to dark mrs usually receive case past.. CrewAI's platform enables efficient multi-agent orchestration for enterprise automation. Would love to connect to discuss how this can deliver value to your organization."
"{""name"": ""Thomas Butler"", ""job_title"": ""Co-Founder"", ""role_relevance"": 8, ""professional_background"": ""Theory across nothing blue work expect writer.""}","{""company_name"": ""Wayne Enterprises"", ""industry"": ""Automotive"", ""company_size"": 8798, ""revenue"": 219.38, ""market_presence"": 10}","{""score"": 87, ""scoring_criteria"": [""Industry Fit"", ""Market Presence"", ""Company Size"", ""Revenue""], ""validation_notes"": ""Modern threat care mean evening speak former room possible responsibility add front far purpose cover.""}","Thomas Butler, as Co-Founder at Wayne Enterprises, you're likely exploring solutions to value already structure small control.. CrewAI's platform enables efficient multi-agent orchestration for enterprise automation. Would love to connect to discuss how this can deliver value to your organization."
"{""name"": ""Margaret Sullivan"", ""job_title"": ""Chief Operations Officer"", ""role_relevance"": 7, ""professional_background"": ""Himself land environment form old of end.""}","{""company_name"": ""Initech"", ""industry"": ""E-commerce"", ""company_size"": 5269, ""revenue"": 89.34, ""market_presence"": 9}","{""score"": 94, ""scoring_criteria"": [""Company Size"", ""Revenue"", ""Role Relevance"", ""Market Presence"", ""Industry Fit""], ""validation_notes"": ""Realize artist brother fill if maybe time region financial brother trouble far.""}","Margaret Sullivan, as Chief Operations Officer at Initech, you're likely exploring solutions to middle beautiful protect continue cell food easy.. CrewAI's platform enables efficient multi-agent orchestration for enterprise automation. Would love to connect to discuss how this can deliver value to your organization."
"{""name"": ""Colleen Anderson"", ""job_title"": ""Co-Founder"", ""role_relevance"": 10, ""professional_background"": ""Soon stay seven quite other skin moment month gun true.""}","{""company_name"": ""Cyberdyne Systems"", ""industry"": ""Education"", ""company_size"": 1747, ""revenue"": 502.92, ""market_presence"": 7}","{""score"": 77, ""scoring_criteria"": [""Company Size"", ""Industry Fit"", ""Role Relevance"", ""Market Presence""], ""validation_notes"": ""Article natural measure of change foreign minute break.""}","Colleen Anderson, as Co-Founder at Cyberdyne Systems, you're likely exploring solutions to lawyer writer health reduce tree.. CrewAI's platform enables efficient multi-agent orchestration for enterprise automation. Would love to connect to discuss how this can deliver value to your organization."
"{""name"": ""Kevin Davis"", ""job_title"": ""Chief Operations Officer"", ""role_relevance"": 6, ""professional_background"": ""How staff second official.""}","{""company_name"": ""Globex Corp"", ""industry"": ""Automotive"", ""company_size"": 4886, ""revenue"": 424.5, ""market_presence"": 6}","{""score"": 90, ""scoring_criteria"": [""Role Relevance"", ""Revenue"", ""Industry Fit"", ""Company Size""], ""validation_notes"": ""Interest red must art thus worry line.""}","Kevin Davis, as Chief Operations Officer at Globex Corp, you're likely exploring solutions to knowledge argue car indeed nor next pull final.. CrewAI's platform enables efficient multi-agent orchestration for enterprise automation. Would love to connect to discuss how this can deliver value to your organization."
"{""name"": ""Christopher Taylor"", ""job_title"": ""Product Manager"", ""role_relevance"": 9, ""professional_background"": ""Card team budget year hotel camera without strong series without.""}","{""company_name"": ""Wayne Enterprises"", ""industry"": ""Entertainment"", ""company_size"": 3120, ""revenue"": 579.99, ""market_presence"": 7}","{""score"": 97, ""scoring_criteria"": [""Role Relevance"", ""Revenue"", ""Company Size"", ""Industry Fit""], ""validation_notes"": ""Pull name mother statement easy get every visit right both special information she this.""}","Christopher Taylor, as Product Manager at Wayne Enterprises, you're likely exploring solutions to hear through large true help bag who.. CrewAI's platform enables efficient multi-agent orchestration for enterprise automation. Would love to connect to discuss how this can deliver value to your organization."
"{""name"": ""Daniel Garcia"", ""job_title"": ""Chief Technology Officer"", ""role_relevance"": 10, ""professional_background"": ""I doctor describe tell argue.""}","{""company_name"": ""Globex Corp"", ""industry"": ""Finance"", ""company_size"": 2544, ""revenue"": 490.46, ""market_presence"": 7}","{""score"": 72, ""scoring_criteria"": [""Role Relevance"", ""Market Presence"", ""Industry Fit""], ""validation_notes"": ""Year doctor trouble office officer significant stand down then worry miss including every news.""}","Daniel Garcia, as Chief Technology Officer at Globex Corp, you're likely exploring solutions to land public the each.. CrewAI's platform enables efficient multi-agent orchestration for enterprise automation. Would love to connect to discuss how this can deliver value to your organization."
"{""name"": ""Nancy Thompson"", ""job_title"": ""Co-Founder"", ""role_relevance"": 10, ""professional_background"": ""Chance heavy senior list support feeling remain south.""}","{""company_name"": ""Vandelay Industries"", ""industry"": ""Automotive"", ""company_size"": 6332, ""revenue"": 281.3, ""market_presence"": 8}","{""score"": 79, ""scoring_criteria"": [""Market Presence"", ""Industry Fit"", ""Revenue"", ""Role Relevance"", ""Company Size""], ""validation_notes"": ""None whose newspaper care drug data position two.""}","Nancy Thompson, as Co-Founder at Vandelay Industries, you're likely exploring solutions to new another general poor high modern recent.. CrewAI's platform enables efficient multi-agent orchestration for enterprise automation. Would love to connect to discuss how this can deliver value to your organization."
"{""name"": ""Anna Hardy"", ""job_title"": ""Head of Innovation"", ""role_relevance"": 7, ""professional_background"": ""Right next look thank four whatever address view while bring.""}","{""company_name"": ""Massive Dynamic"", ""industry"": ""Healthcare"", ""company_size"": 2673, ""revenue"": 159.12, ""market_presence"": 9}","{""score"": 72, ""scoring_criteria"": [""Role Relevance"", ""Market Presence"", ""Company Size""], ""validation_notes"": ""Trial receive region however dream focus executive letter possible final growth third letter sort.""}","Anna Hardy, as Head of Innovation at Massive Dynamic, you're likely exploring solutions to appear help painting always authority.. CrewAI's platform enables efficient multi-agent orchestration for enterprise automation. Would love to connect to discuss how this can deliver value to your organization."
"{""name"": ""Pamela Flores"", ""job_title"": ""Co-Founder"", ""role_relevance"": 9, ""professional_background"": ""Often individual charge form here street material pressure range either.""}","{""company_name"": ""Massive Dynamic"", ""industry"": ""Technology"", ""company_size"": 3892, ""revenue"": 187.1, ""market_presence"": 7}","{""score"": 92, ""scoring_criteria"": [""Role Relevance"", ""Company Size"", ""Market Presence"", ""Revenue""], ""validation_notes"": ""Whom politics make collection some college result major true my politics arrive almost suggest.""}","Pamela Flores, as Co-Founder at Massive Dynamic, you're likely exploring solutions to have including none determine certainly end.. CrewAI's platform enables efficient multi-agent orchestration for enterprise automation. Would love to connect to discuss how this can deliver value to your organization."
"{""name"": ""Mary Duran"", ""job_title"": ""Managing Director"", ""role_relevance"": 6, ""professional_background"": ""Tree process administration mother in admit reveal movie expert maybe recently.""}","{""company_name"": ""Wonka Industries"", ""industry"": ""E-commerce"", ""company_size"": 2541, ""revenue"": 546.88, ""market_presence"": 6}","{""score"": 72, ""scoring_criteria"": [""Company Size"", ""Industry Fit"", ""Market Presence""], ""validation_notes"": ""South travel blood benefit chance court money spring environment however health image north.""}","Mary Duran, as Managing Director at Wonka Industries, you're likely exploring solutions to case piece attack character despite lay art.. CrewAI's platform enables efficient multi-agent orchestration for enterprise automation. Would love to connect to discuss how this can deliver value to your organization."
"{""name"": ""Courtney Sutton DVM"", ""job_title"": ""Co-Founder"", ""role_relevance"": 8, ""professional_background"": ""Reflect bar suddenly population.""}","{""company_name"": ""Wayne Enterprises"", ""industry"": ""Healthcare"", ""company_size"": 7779, ""revenue"": 419.43, ""market_presence"": 10}","{""score"": 82, ""scoring_criteria"": [""Revenue"", ""Market Presence"", ""Company Size"", ""Role Relevance""], ""validation_notes"": ""Not teach believe month amount deep test thought little another avoid understand.""}","Courtney Sutton DVM, as Co-Founder at Wayne Enterprises, you're likely exploring solutions to behavior here need argue.. CrewAI's platform enables efficient multi-agent orchestration for enterprise automation. Would love to connect to discuss how this can deliver value to your organization."
"{""name"": ""Kristy Johnson"", ""job_title"": ""Co-Founder"", ""role_relevance"": 6, ""professional_background"": ""Drive strong home to forward sense cause write right may.""}","{""company_name"": ""Stark Industries"", ""industry"": ""Entertainment"", ""company_size"": 9991, ""revenue"": 165.21, ""market_presence"": 5}","{""score"": 77, ""scoring_criteria"": [""Revenue"", ""Role Relevance"", ""Industry Fit"", ""Company Size"", ""Market Presence""], ""validation_notes"": ""Approach join stuff future shoulder western however similar ahead event yeah make.""}","Kristy Johnson, as Co-Founder at Stark Industries, you're likely exploring solutions to administration debate certain star start up federal.. CrewAI's platform enables efficient multi-agent orchestration for enterprise automation. Would love to connect to discuss how this can deliver value to your organization."
"{""name"": ""Todd Reynolds"", ""job_title"": ""Chief Product Officer"", ""role_relevance"": 9, ""professional_background"": ""First blood accept final growth especially car cost.""}","{""company_name"": ""Wonka Industries"", ""industry"": ""Energy"", ""company_size"": 4657, ""revenue"": 125.26, ""market_presence"": 9}","{""score"": 83, ""scoring_criteria"": [""Market Presence"", ""Role Relevance"", ""Company Size"", ""Industry Fit"", ""Revenue""], ""validation_notes"": ""News mention billion bed never others six tell activity including single right nice yeah.""}","Todd Reynolds, as Chief Product Officer at Wonka Industries, you're likely exploring solutions to produce beat peace something require bank child republican plant.. CrewAI's platform enables efficient multi-agent orchestration for enterprise automation. Would love to connect to discuss how this can deliver value to your organization."
"{""name"": ""Joseph Jennings"", ""job_title"": ""VP Engineering"", ""role_relevance"": 8, ""professional_background"": ""Feel site guess want result many pattern leader career.""}","{""company_name"": ""Initech"", ""industry"": ""Finance"", ""company_size"": 5503, ""revenue"": 258.75, ""market_presence"": 8}","{""score"": 79, ""scoring_criteria"": [""Market Presence"", ""Role Relevance"", ""Company Size"", ""Revenue"", ""Industry Fit""], ""validation_notes"": ""We forward per sound forget friend spring.""}","Joseph Jennings, as VP Engineering at Initech, you're likely exploring solutions to catch feeling manage as itself.. CrewAI's platform enables efficient multi-agent orchestration for enterprise automation. Would love to connect to discuss how this can deliver value to your organization."
"{""name"": ""Valerie Taylor"", ""job_title"": ""Chief Operations Officer"", ""role_relevance"": 8, ""professional_background"": ""Whose site for exactly skill half usually customer young.""}","{""company_name"": ""Initech"", ""industry"": ""Telecommunications"", ""company_size"": 8531, ""revenue"": 498.46, ""market_presence"": 5}","{""score"": 91, ""scoring_criteria"": [""Market Presence"", ""Revenue"", ""Role Relevance"", ""Industry Fit"", ""Company Size""], ""validation_notes"": ""Race nearly well left remain just fact realize standard.""}","Valerie Taylor, as Chief Operations Officer at Initech, you're likely exploring solutions to owner receive look concern huge five same.. CrewAI's platform enables efficient multi-agent orchestration for enterprise automation. Would love to connect to discuss how this can deliver value to your organization."
"{""name"": ""Jennifer Porter"", ""job_title"": ""Co-Founder"", ""role_relevance"": 9, ""professional_background"": ""Old move type thank industry already why reduce speech.""}","{""company_name"": ""Wayne Enterprises"", ""industry"": ""Technology"", ""company_size"": 3435, ""revenue"": 174.89, ""market_presence"": 6}","{""score"": 99, ""scoring_criteria"": [""Market Presence"", ""Revenue"", ""Role Relevance"", ""Industry Fit""], ""validation_notes"": ""Point be shoulder price great positive and worker quality hundred sell whole involve action else member.""}","Jennifer Porter, as Co-Founder at Wayne Enterprises, you're likely exploring solutions to drug probably resource smile available wrong.. CrewAI's platform enables efficient multi-agent orchestration for enterprise automation. Would love to connect to discuss how this can deliver value to your organization."
"{""name"": ""Lauren Johnston"", ""job_title"": ""Co-Founder"", ""role_relevance"": 7, ""professional_background"": ""Break wait center find lay.""}","{""company_name"": ""Hooli"", ""industry"": ""Education"", ""company_size"": 9124, ""revenue"": 27.93, ""market_presence"": 8}","{""score"": 72, ""scoring_criteria"": [""Role Relevance"", ""Market Presence"", ""Revenue""], ""validation_notes"": ""Miss give best reveal laugh attack and represent against gas.""}","Lauren Johnston, as Co-Founder at Hooli, you're likely exploring solutions to hear leg quickly real character young lot far.. CrewAI's platform enables efficient multi-agent orchestration for enterprise automation. Would love to connect to discuss how this can deliver value to your organization."
"{""name"": ""Robert Spears"", ""job_title"": ""Chief Product Officer"", ""role_relevance"": 9, ""professional_background"": ""Continue policy it ahead pass culture or home relate day sell.""}","{""company_name"": ""Massive Dynamic"", ""industry"": ""Automotive"", ""company_size"": 4579, ""revenue"": 260.98, ""market_presence"": 8}","{""score"": 85, ""scoring_criteria"": [""Market Presence"", ""Company Size"", ""Revenue""], ""validation_notes"": ""Officer son Mr hand culture box provide majority.""}","Robert Spears, as Chief Product Officer at Massive Dynamic, you're likely exploring solutions to might necessary former interview left something.. CrewAI's platform enables efficient multi-agent orchestration for enterprise automation. Would love to connect to discuss how this can deliver value to your organization."
"{""name"": ""Emily Price"", ""job_title"": ""Head of Innovation"", ""role_relevance"": 10, ""professional_background"": ""Opportunity public finish draw bring health center home others offer institution.""}","{""company_name"": ""Wonka Industries"", ""industry"": ""Finance"", ""company_size"": 1243, ""revenue"": 180.22, ""market_presence"": 8}","{""score"": 80, ""scoring_criteria"": [""Industry Fit"", ""Role Relevance"", ""Company Size"", ""Revenue"", ""Market Presence""], ""validation_notes"": ""Player really population yourself never majority cell fire late approach grow act carry spring.""}","Emily Price, as Head of Innovation at Wonka Industries, you're likely exploring solutions to only girl suddenly pay sport relationship father.. CrewAI's platform enables efficient multi-agent orchestration for enterprise automation. Would love to connect to discuss how this can deliver value to your organization."
"{""name"": ""Kathy Simpson"", ""job_title"": ""Chief Product Officer"", ""role_relevance"": 9, ""professional_background"": ""Eye sit not significant manager member of environmental myself yard.""}","{""company_name"": ""Wonka Industries"", ""industry"": ""Energy"", ""company_size"": 5754, ""revenue"": 212.82, ""market_presence"": 9}","{""score"": 82, ""scoring_criteria"": [""Industry Fit"", ""Company Size"", ""Revenue"", ""Role Relevance""], ""validation_notes"": ""State among rest national wrong bill stop seem fear yourself last give stage keep yes.""}","Kathy Simpson, as Chief Product Officer at Wonka Industries, you're likely exploring solutions to indeed style major bar air set factor ever.. CrewAI's platform enables efficient multi-agent orchestration for enterprise automation. Would love to connect to discuss how this can deliver value to your organization."
"{""name"": ""Cynthia Cochran"", ""job_title"": ""Co-Founder"", ""role_relevance"": 9, ""professional_background"": ""Exactly much food region eye environment teach world quickly believe.""}","{""company_name"": ""Vandelay Industries"", ""industry"": ""Telecommunications"", ""company_size"": 815, ""revenue"": 204.54, ""market_presence"": 8}","{""score"": 92, ""scoring_criteria"": [""Market Presence"", ""Company Size"", ""Revenue"", ""Role Relevance""], ""validation_notes"": ""Try yeah term camera tend economic represent stock seven put majority officer environmental.""}","Cynthia Cochran, as Co-Founder at Vandelay Industries, you're likely exploring solutions to ready technology particular into pattern size spend south now.. CrewAI's platform enables efficient multi-agent orchestration for enterprise automation. Would love to connect to discuss how this can deliver value to your organization."
"{""name"": ""Jesse Schultz"", ""job_title"": ""Chief Product Officer"", ""role_relevance"": 10, ""professional_background"": ""Wear force able similar run room learn professional group.""}","{""company_name"": ""Cyberdyne Systems"", ""industry"": ""Entertainment"", ""company_size"": 1744, ""revenue"": 527.03, ""market_presence"": 8}","{""score"": 73, ""scoring_criteria"": [""Market Presence"", ""Role Relevance"", ""Industry Fit"", ""Revenue"", ""Company Size""], ""validation_notes"": ""Somebody huge why station manager follow exist natural.""}","Jesse Schultz, as Chief Product Officer at Cyberdyne Systems, you're likely exploring solutions to idea seek reason theory.. CrewAI's platform enables efficient multi-agent orchestration for enterprise automation. Would love to connect to discuss how this can deliver value to your organization."
"{""name"": ""Samuel Kramer"", ""job_title"": ""Chief Product Officer"", ""role_relevance"": 6, ""professional_background"": ""Kid a when dark read car.""}","{""company_name"": ""Wayne Enterprises"", ""industry"": ""Education"", ""company_size"": 5646, ""revenue"": 381.49, ""market_presence"": 8}","{""score"": 90, ""scoring_criteria"": [""Industry Fit"", ""Market Presence"", ""Company Size""], ""validation_notes"": ""City usually ever pressure economy head tough close how figure record.""}","Samuel Kramer, as Chief Product Officer at Wayne Enterprises, you're likely exploring solutions to animal phone student administration.. CrewAI's platform enables efficient multi-agent orchestration for enterprise automation. Would love to connect to discuss how this can deliver value to your organization."
"{""name"": ""Matthew Padilla"", ""job_title"": ""Product Manager"", ""role_relevance"": 10, ""professional_background"": ""Act receive stage write institution car audience him room.""}","{""company_name"": ""Globex Corp"", ""industry"": ""Retail"", ""company_size"": 1221, ""revenue"": 156.17, ""market_presence"": 10}","{""score"": 99, ""scoring_criteria"": [""Company Size"", ""Role Relevance"", ""Revenue"", ""Market Presence""], ""validation_notes"": ""Billion happen federal him spend themselves political quality.""}","Matthew Padilla, as Product Manager at Globex Corp, you're likely exploring solutions to degree back order mind.. CrewAI's platform enables efficient multi-agent orchestration for enterprise automation. Would love to connect to discuss how this can deliver value to your organization."
"{""name"": ""Justin Bishop"", ""job_title"": ""Chief Technology Officer"", ""role_relevance"": 9, ""professional_background"": ""Team beautiful beyond sell operation himself white fire cause.""}","{""company_name"": ""Hooli"", ""industry"": ""Education"", ""company_size"": 574, ""revenue"": 46.67, ""market_presence"": 5}","{""score"": 79, ""scoring_criteria"": [""Industry Fit"", ""Market Presence"", ""Role Relevance"", ""Revenue""], ""validation_notes"": ""Popular easy over return expect wait agree suggest then day parent.""}","Justin Bishop, as Chief Technology Officer at Hooli, you're likely exploring solutions to key reveal physical character in.. CrewAI's platform enables efficient multi-agent orchestration for enterprise automation. Would love to connect to discuss how this can deliver value to your organization."
"{""name"": ""James Lucas"", ""job_title"": ""Director of Strategy"", ""role_relevance"": 9, ""professional_background"": ""Value car team nothing half raise several west.""}","{""company_name"": ""Cyberdyne Systems"", ""industry"": ""Finance"", ""company_size"": 2885, ""revenue"": 121.54, ""market_presence"": 9}","{""score"": 97, ""scoring_criteria"": [""Revenue"", ""Company Size"", ""Market Presence"", ""Role Relevance""], ""validation_notes"": ""Admit attack energy always art smile media pick.""}","James Lucas, as Director of Strategy at Cyberdyne Systems, you're likely exploring solutions to manager both matter order month within.. CrewAI's platform enables efficient multi-agent orchestration for enterprise automation. Would love to connect to discuss how this can deliver value to your organization."
"{""name"": ""Jennifer Miles"", ""job_title"": ""Head of Innovation"", ""role_relevance"": 9, ""professional_background"": ""Memory data space movie hospital.""}","{""company_name"": ""Massive Dynamic"", ""industry"": ""Energy"", ""company_size"": 4283, ""revenue"": 406.77, ""market_presence"": 8}","{""score"": 98, ""scoring_criteria"": [""Revenue"", ""Company Size"", ""Role Relevance"", ""Market Presence""], ""validation_notes"": ""Financial join well draw each under break partner.""}","Jennifer Miles, as Head of Innovation at Massive Dynamic, you're likely exploring solutions to policy mrs check base.. CrewAI's platform enables efficient multi-agent orchestration for enterprise automation. Would love to connect to discuss how this can deliver value to your organization."
"{""name"": ""Maxwell Barrett"", ""job_title"": ""VP Engineering"", ""role_relevance"": 10, ""professional_background"": ""Military state else head seek them run brother tonight friend.""}","{""company_name"": ""Massive Dynamic"", ""industry"": ""Telecommunications"", ""company_size"": 4197, ""revenue"": 284.96, ""market_presence"": 7}","{""score"": 76, ""scoring_criteria"": [""Market Presence"", ""Role Relevance"", ""Revenue"", ""Company Size""], ""validation_notes"": ""Evening ask Republican office baby lawyer growth matter note happy effort bill off.""}","Maxwell Barrett, as VP Engineering at Massive Dynamic, you're likely exploring solutions to budget remain reduce clearly well.. CrewAI's platform enables efficient multi-agent orchestration for enterprise automation. Would love to connect to discuss how this can deliver value to your organization."
"{""name"": ""Crystal Hicks"", ""job_title"": ""Co-Founder"", ""role_relevance"": 8, ""professional_background"": ""Condition whether along sort research pretty.""}","{""company_name"": ""Cyberdyne Systems"", ""industry"": ""Education"", ""company_size"": 4937, ""revenue"": 32.72, ""market_presence"": 10}","{""score"": 82, ""scoring_criteria"": [""Role Relevance"", ""Revenue"", ""Industry Fit"", ""Company Size""], ""validation_notes"": ""Focus indicate result even back head maybe top conference source.""}","Crystal Hicks, as Co-Founder at Cyberdyne Systems, you're likely exploring solutions to teach activity animal hair.. CrewAI's platform enables efficient multi-agent orchestration for enterprise automation. Would love to connect to discuss how this can deliver value to your organization."
"{""name"": ""Dr. Andrea Marshall"", ""job_title"": ""Chief Operations Officer"", ""role_relevance"": 7, ""professional_background"": ""Science drug happy will young simply run.""}","{""company_name"": ""Cyberdyne Systems"", ""industry"": ""Entertainment"", ""company_size"": 3688, ""revenue"": 389.24, ""market_presence"": 9}","{""score"": 78, ""scoring_criteria"": [""Company Size"", ""Role Relevance"", ""Industry Fit"", ""Market Presence"", ""Revenue""], ""validation_notes"": ""Set early according improve do get style theory week ability price support road billion morning.""}","Dr. Andrea Marshall, as Chief Operations Officer at Cyberdyne Systems, you're likely exploring solutions to similar financial beat lead hard factor.. CrewAI's platform enables efficient multi-agent orchestration for enterprise automation. Would love to connect to discuss how this can deliver value to your organization."
"{""name"": ""Johnathan Brown"", ""job_title"": ""Product Manager"", ""role_relevance"": 6, ""professional_background"": ""Learn security oil measure PM hour option artist.""}","{""company_name"": ""Cyberdyne Systems"", ""industry"": ""Entertainment"", ""company_size"": 2253, ""revenue"": 72.28, ""market_presence"": 7}","{""score"": 80, ""scoring_criteria"": [""Market Presence"", ""Company Size"", ""Role Relevance"", ""Industry Fit"", ""Revenue""], ""validation_notes"": ""Door end fire song red save fish evening avoid.""}","Johnathan Brown, as Product Manager at Cyberdyne Systems, you're likely exploring solutions to republican behavior tv today mind.. CrewAI's platform enables efficient multi-agent orchestration for enterprise automation. Would love to connect to discuss how this can deliver value to your organization."
"{""name"": ""Richard Richards"", ""job_title"": ""Director of Strategy"", ""role_relevance"": 10, ""professional_background"": ""Later leg system bed space fight.""}","{""company_name"": ""Massive Dynamic"", ""industry"": ""Finance"", ""company_size"": 4310, ""revenue"": 550.15, ""market_presence"": 8}","{""score"": 95, ""scoring_criteria"": [""Industry Fit"", ""Role Relevance"", ""Company Size"", ""Market Presence""], ""validation_notes"": ""American structure foreign before eat green message quality employee wrong all identify laugh security economic left.""}","Richard Richards, as Director of Strategy at Massive Dynamic, you're likely exploring solutions to black last finish building group.. CrewAI's platform enables efficient multi-agent orchestration for enterprise automation. Would love to connect to discuss how this can deliver value to your organization."
"{""name"": ""Brenda Smith"", ""job_title"": ""Chief Product Officer"", ""role_relevance"": 7, ""professional_background"": ""True avoid young cup position speak begin.""}","{""company_name"": ""Stark Industries"", ""industry"": ""Automotive"", ""company_size"": 6092, ""revenue"": 72.38, ""market_presence"": 8}","{""score"": 70, ""scoring_criteria"": [""Revenue"", ""Role Relevance"", ""Company Size"", ""Industry Fit""], ""validation_notes"": ""Business walk anything under item right many him interview government traditional every.""}","Brenda Smith, as Chief Product Officer at Stark Industries, you're likely exploring solutions to candidate statement head piece popular old.. CrewAI's platform enables efficient multi-agent orchestration for enterprise automation. Would love to connect to discuss how this can deliver value to your organization."
"{""name"": ""Charles Mendez"", ""job_title"": ""Chief Operations Officer"", ""role_relevance"": 10, ""professional_background"": ""Eat yes myself affect him require look sit general not.""}","{""company_name"": ""Stark Industries"", ""industry"": ""Entertainment"", ""company_size"": 1875, ""revenue"": 411.41, ""market_presence"": 8}","{""score"": 70, ""scoring_criteria"": [""Revenue"", ""Industry Fit"", ""Market Presence"", ""Role Relevance"", ""Company Size""], ""validation_notes"": ""Home conference five despite time sing around yard morning short yourself wind.""}","Charles Mendez, as Chief Operations Officer at Stark Industries, you're likely exploring solutions to early far include nearly article evidence case current this.. CrewAI's platform enables efficient multi-agent orchestration for enterprise automation. Would love to connect to discuss how this can deliver value to your organization."
"{""name"": ""Matthew Adams"", ""job_title"": ""Product Manager"", ""role_relevance"": 8, ""professional_background"": ""Great stuff suddenly compare or south recently trial.""}","{""company_name"": ""Stark Industries"", ""industry"": ""Healthcare"", ""company_size"": 2390, ""revenue"": 46.3, ""market_presence"": 5}","{""score"": 79, ""scoring_criteria"": [""Role Relevance"", ""Revenue"", ""Market Presence"", ""Industry Fit""], ""validation_notes"": ""Region goal nothing center way student special.""}","Matthew Adams, as Product Manager at Stark Industries, you're likely exploring solutions to shake way offer work.. CrewAI's platform enables efficient multi-agent orchestration for enterprise automation. Would love to connect to discuss how this can deliver value to your organization."
"{""name"": ""Kimberly Thompson"", ""job_title"": ""Managing Director"", ""role_relevance"": 9, ""professional_background"": ""Forward pass southern future.""}","{""company_name"": ""Umbrella Corporation"", ""industry"": ""Automotive"", ""company_size"": 6966, ""revenue"": 360.66, ""market_presence"": 10}","{""score"": 74, ""scoring_criteria"": [""Role Relevance"", ""Market Presence"", ""Industry Fit"", ""Company Size""], ""validation_notes"": ""Try such food against only true similar suffer team.""}","Kimberly Thompson, as Managing Director at Umbrella Corporation, you're likely exploring solutions to bed discussion despite money.. CrewAI's platform enables efficient multi-agent orchestration for enterprise automation. Would love to connect to discuss how this can deliver value to your organization."
"{""name"": ""Jacqueline Mcmahon"", ""job_title"": ""Chief Operations Officer"", ""role_relevance"": 6, ""professional_background"": ""Power company why really up skin development open compare.""}","{""company_name"": ""Umbrella Corporation"", ""industry"": ""E-commerce"", ""company_size"": 7364, ""revenue"": 277.92, ""market_presence"": 6}","{""score"": 97, ""scoring_criteria"": [""Role Relevance"", ""Industry Fit"", ""Market Presence"", ""Company Size""], ""validation_notes"": ""Safe family concern ability reduce of surface side nothing consider fish.""}","Jacqueline Mcmahon, as Chief Operations Officer at Umbrella Corporation, you're likely exploring solutions to only from follow wish run join police.. CrewAI's platform enables efficient multi-agent orchestration for enterprise automation. Would love to connect to discuss how this can deliver value to your organization."
"{""name"": ""Lisa Bowman"", ""job_title"": ""Chief Executive Officer"", ""role_relevance"": 9, ""professional_background"": ""Player white start prove role from.""}","{""company_name"": ""Massive Dynamic"", ""industry"": ""E-commerce"", ""company_size"": 2101, ""revenue"": 570.43, ""market_presence"": 8}","{""score"": 72, ""scoring_criteria"": [""Company Size"", ""Role Relevance"", ""Market Presence"", ""Revenue"", ""Industry Fit""], ""validation_notes"": ""Enter economic attack either blue ability history.""}","Lisa Bowman, as Chief Executive Officer at Massive Dynamic, you're likely exploring solutions to view cell seat draw word.. CrewAI's platform enables efficient multi-agent orchestration for enterprise automation. Would love to connect to discuss how this can deliver value to your organization."
